﻿<?xml version="1.0" encoding="utf-8" ?>
<c2eventsheet>
    <!--All the 'name' attributes are ignored by Construct 2 - they are there for readability only.-->
    <name>es-global</name>
    <events>
        <comment>Set image to 0 in order for the system to show the one the user picked</comment>
        <variable constant="0" name="image" sid="557300236885269" static="0" type="number">0</variable>
        <comment>Select image from the list&#x0D;&#x0A;Go to game page where the user can paint </comment>
        <event-block sid="1255506626143461">
            <conditions>
                <condition id="3" name="On touched object" sid="7486610354241295" type="Touch">
                    <param id="0" name="Object">thumbnails</param>
                </condition>
            </conditions>
            <actions>
                <action id="-9" name="Set value" sid="5190565588837849" type="System">
                    <param id="0" name="Variable">image</param>
                    <param id="1" name="Value">thumbnails.AnimationFrame</param>
                </action>
                <action id="-2" name="Go to layout" sid="5534995994674245" type="System">
                    <param id="0" name="Layout">game</param>
                </action>
            </actions>
        </event-block>
        <event-group description="" sid="9511602722889846" title="HOME">
            <sub-events>
                <comment>Click play GO TO select screen</comment>
                <event-block sid="96068533228316">
                    <conditions>
                        <condition id="3" name="On touched object" sid="5847685398281969" type="Touch">
                            <param id="0" name="Object">playbutton</param>
                        </condition>
                    </conditions>
                    <actions>
                        <action id="-2" name="Go to layout" sid="7280567211099095" type="System">
                            <param id="0" name="Layout">select</param>
                        </action>
                    </actions>
                </event-block>
            </sub-events>
        </event-group>
    </events>
</c2eventsheet>
