﻿<?xml version="1.0" encoding="utf-8" ?>
<c2eventsheet>
    <!--All the 'name' attributes are ignored by Construct 2 - they are there for readability only.-->
    <name>es_game</name>
    <events>
        <comment>Initial value for size and color of brush (red) </comment>
        <variable constant="0" name="color" sid="3687288716434824" static="0" type="number">1</variable>
        <variable constant="0" name="size" sid="8864308218097207" static="0" type="number">35</variable>
        <comment>Set big images based on the thumbnail selected&#x0D;&#x0A;In case the player is playing for the second or n time, reset the size and color of brush</comment>
        <event-block sid="1807937890987218">
            <conditions>
                <condition id="-2" name="On start of layout" sid="331257964336242" type="System" />
            </conditions>
            <actions>
                <action id="5" name="Set frame" sid="4545031580282127" type="imagecanvas">
                    <param id="0" name="Frame number">image</param>
                </action>
                <action id="-9" name="Set value" sid="2942583737748951" type="System">
                    <param id="0" name="Variable">color</param>
                    <param id="1" name="Value">1</param>
                </action>
                <action id="-9" name="Set value" sid="1214141584199773" type="System">
                    <param id="0" name="Variable">size</param>
                    <param id="1" name="Value">35</param>
                </action>
            </actions>
        </event-block>
        <event-group description="" inactive="1" sid="4208315525696608" title="Trail">
            <sub-events>
                <variable constant="0" name="TrailResolution" sid="862676715969982" static="0" type="number">5</variable>
                <event-block sid="9411642868021124">
                    <conditions>
                        <condition id="-6" name="Every X seconds" sid="9964807717940507" type="System">
                            <param id="0" name="Interval (seconds)">0.01</param>
                        </condition>
                    </conditions>
                    <actions>
                        <action id="-10" name="Set value" sid="6843256215329678" type="point">
                            <param id="0" name="Instance variable">OldX</param>
                            <param id="1" name="Value">point.X</param>
                        </action>
                        <action id="-10" name="Set value" sid="4137345732524771" type="point">
                            <param id="0" name="Instance variable">OldY</param>
                            <param id="1" name="Value">point.Y</param>
                        </action>
                        <action id="-3" name="Set position" sid="2685618020926841" type="point">
                            <param id="0" name="X">touch.X</param>
                            <param id="1" name="Y">Touch.Y</param>
                        </action>
                        <action id="-7" name="Set size" sid="1739434162787553" type="point">
                            <param id="0" name="Width">size</param>
                            <param id="1" name="Height">size</param>
                        </action>
                    </actions>
                    <sub-events>
                        <variable constant="0" name="OldToNew" sid="3680517413536736" static="0" type="number">0</variable>
                        <event-block sid="9646417419018698">
                            <conditions />
                            <actions>
                                <action id="-9" name="Set value" sid="7359212699873421" type="System">
                                    <param id="0" name="Variable">OldToNew</param>
                                    <param id="1" name="Value">distance(point.X, point.Y, point.OldX, point.OldY)</param>
                                </action>
                            </actions>
                        </event-block>
                        <event-block sid="6556717954422045">
                            <conditions>
                                <condition id="4" name="Is touching object" sid="9803229028419779" type="Touch">
                                    <param id="0" name="Object">imagecanvas</param>
                                </condition>
                                <condition id="4" inverted="1" name="Is touching object" sid="7355751199268689" type="Touch">
                                    <param id="0" name="Object">crayon</param>
                                </condition>
                                <condition id="7" name="Compare touch speed" sid="7750104393186561" type="Touch">
                                    <param id="0" name="Touch index">0</param>
                                    <param id="1" name="Comparison">4</param>
                                    <param id="2" name="Speed">0</param>
                                </condition>
                            </conditions>
                            <actions />
                            <sub-events>
                                <event-block sid="9353142445287661">
                                    <conditions>
                                        <condition id="-10" name="For" sid="9478424799544566" type="System">
                                            <param id="0" name="Name">&quot;i&quot;</param>
                                            <param id="1" name="Start index">0</param>
                                            <param id="2" name="End index">distance(point.X, point.Y, point.OldX, point.OldY) / TrailResolution</param>
                                        </condition>
                                    </conditions>
                                    <actions>
                                        <action id="-3" name="Create object" sid="8006141888147327" type="System">
                                            <param id="0" name="Object to create">paintsmudge</param>
                                            <param id="1" name="Layer">2</param>
                                            <param id="2" name="X">lerp(point.OldX, point.X, (loopindex(&quot;i&quot;)  * TrailResolution) / OldToNew)</param>
                                            <param id="3" name="Y">lerp(point.OldY, point.Y, (loopindex(&quot;i&quot;) * TrailResolution) / OldToNew)</param>
                                        </action>
                                        <action id="5" name="Set frame" sid="9298631714649164" type="paintsmudge">
                                            <param id="0" name="Frame number">color</param>
                                        </action>
                                        <action id="-7" name="Set size" sid="8537347967210908" type="paintsmudge">
                                            <param id="0" name="Width">size</param>
                                            <param id="1" name="Height">size</param>
                                        </action>
                                    </actions>
                                </event-block>
                            </sub-events>
                        </event-block>
                    </sub-events>
                </event-block>
            </sub-events>
        </event-group>
        <event-block sid="2719967582459358">
            <conditions>
                <condition id="0" name="On any touch start" sid="8636497402875469" type="Touch" />
                <condition id="4" name="Is touching object" sid="455084089355621" type="Touch">
                    <param id="0" name="Object">imagecanvas</param>
                </condition>
                <condition id="4" inverted="1" name="Is touching object" sid="9167272920196378" type="Touch">
                    <param id="0" name="Object">crayon</param>
                </condition>
                <condition id="4" inverted="1" name="Is touching object" sid="1226478280770276" type="Touch">
                    <param id="0" name="Object">brushsize</param>
                </condition>
            </conditions>
            <actions>
                <action id="-15" name="Set visible" sid="9516686467293431" type="point">
                    <param id="0" name="Visibility">1</param>
                </action>
                <action id="-1" name="Set X" sid="2064319947942166" type="point">
                    <param id="0" name="X">Touch.X</param>
                </action>
                <action id="-2" name="Set Y" sid="3029046778873201" type="point">
                    <param id="0" name="Y">Touch.y</param>
                </action>
                <action id="-10" name="Set value" sid="2596927306850195" type="point">
                    <param id="0" name="Instance variable">intposx</param>
                    <param id="1" name="Value">Touch.X</param>
                </action>
                <action id="-10" name="Set value" sid="4920425969702012" type="point">
                    <param id="0" name="Instance variable">intposy</param>
                    <param id="1" name="Value">Touch.y</param>
                </action>
                <action id="-3" name="Create object" sid="1291360848789591" type="System">
                    <param id="0" name="Object to create">paintsmudge</param>
                    <param id="1" name="Layer">0</param>
                    <param id="2" name="X">Touch.X</param>
                    <param id="3" name="Y">Touch.Y</param>
                </action>
                <action id="5" name="Set frame" sid="8073811262644568" type="paintsmudge">
                    <param id="0" name="Frame number">color</param>
                </action>
                <action id="-7" name="Set size" sid="7802158456576858" type="paintsmudge">
                    <param id="0" name="Width">size</param>
                    <param id="1" name="Height">size</param>
                </action>
            </actions>
            <sub-events>
                <event-block sid="2354479982018904">
                    <conditions>
                        <condition id="-15" inverted="1" name="Is group active" sid="4882993499998062" type="System">
                            <param id="0" name="Group name">&quot;Trail&quot;</param>
                        </condition>
                    </conditions>
                    <actions>
                        <action id="-12" name="Set group active" sid="5005815171667588" type="System">
                            <param id="0" name="Group name">&quot;Trail&quot;</param>
                            <param id="1" name="State">1</param>
                        </action>
                    </actions>
                </event-block>
            </sub-events>
        </event-block>
        <event-block sid="9446259640053568">
            <conditions>
                <condition id="1" name="On any touch end" sid="7657724942742225" type="Touch" />
            </conditions>
            <actions>
                <action id="-12" name="Set group active" sid="475561310387193" type="System">
                    <param id="0" name="Group name">&quot;Trail&quot;</param>
                    <param id="1" name="State">0</param>
                </action>
                <action id="-15" name="Set visible" sid="4038220767437103" type="point">
                    <param id="0" name="Visibility">0</param>
                </action>
            </actions>
        </event-block>
        <comment>Select Color</comment>
        <event-block any="1" sid="24585407771896">
            <conditions>
                <condition id="3" name="On touched object" sid="2563440761993568" type="Touch">
                    <param id="0" name="Object">crayon</param>
                </condition>
            </conditions>
            <actions>
                <action id="-9" name="Set value" sid="6306328698830918" type="System">
                    <param id="0" name="Variable">color</param>
                    <param id="1" name="Value">crayon.AnimationFrame</param>
                </action>
                <action id="-3" name="Set position" sid="7820435293211857" type="crayonselect">
                    <param id="0" name="X">crayon.x</param>
                    <param id="1" name="Y">self.Y</param>
                </action>
            </actions>
        </event-block>
        <comment>Select Brush size</comment>
        <event-block sid="5316474772732656">
            <conditions>
                <condition id="3" name="On touched object" sid="5719763216939945" type="Touch">
                    <param id="0" name="Object">brushsize</param>
                </condition>
            </conditions>
            <actions>
                <action id="-9" name="Set value" sid="5890619749733156" type="System">
                    <param id="0" name="Variable">size</param>
                    <param id="1" name="Value">brushsize.size</param>
                </action>
                <action id="-3" name="Set position" sid="5004188593479511" type="brushselect">
                    <param id="0" name="X">brushsize.X</param>
                    <param id="1" name="Y">brushsize.Y</param>
                </action>
            </actions>
        </event-block>
        <comment>Click to take a snapshot&#x0D;&#x0A;Hide objects in order to get just the painted image</comment>
        <event-block sid="778705661121383">
            <conditions>
                <condition id="3" name="On touched object" sid="3252176133268684" type="Touch">
                    <param id="0" name="Object">print</param>
                </condition>
            </conditions>
            <actions>
                <action id="-15" name="Set visible" sid="8879573815991465" type="crayon">
                    <param id="0" name="Visibility">0</param>
                </action>
                <action id="-15" name="Set visible" sid="2704378254220106" type="print">
                    <param id="0" name="Visibility">0</param>
                </action>
                <action id="-15" name="Set visible" sid="6216370761667787" type="back">
                    <param id="0" name="Visibility">0</param>
                </action>
                <action id="-15" name="Set visible" sid="4806348513209593" type="brushselect">
                    <param id="0" name="Visibility">0</param>
                </action>
                <action id="-15" name="Set visible" sid="8434362402878612" type="crayonselect">
                    <param id="0" name="Visibility">0</param>
                </action>
                <action id="-15" name="Set visible" sid="3049502894031372" type="brushsize">
                    <param id="0" name="Visibility">0</param>
                </action>
                <action id="-15" name="Set visible" sid="663576935470816" type="bg">
                    <param id="0" name="Visibility">0</param>
                </action>
                <action id="-27" name="Snapshot canvas" sid="6574676614642487" type="System">
                    <param id="0" name="Format">0</param>
                    <param id="1" name="JPEG quality">75</param>
                </action>
            </actions>
        </event-block>
        <comment>Show objects and download the image&#x0D;&#x0A;&#x0D;&#x0A;MOST LIKELY IT DOESN&apos;T WORK FOR MOBILE</comment>
        <event-block sid="6108717353430172">
            <conditions>
                <condition id="-26" name="On canvas snapshot" sid="1631988092727328" type="System" />
            </conditions>
            <actions>
                <action id="-15" name="Set visible" sid="5402184770321841" type="crayon">
                    <param id="0" name="Visibility">1</param>
                </action>
                <action id="-15" name="Set visible" sid="2362505944275351" type="print">
                    <param id="0" name="Visibility">1</param>
                </action>
                <action id="-15" name="Set visible" sid="8276710428945631" type="back">
                    <param id="0" name="Visibility">1</param>
                </action>
                <action id="-15" name="Set visible" sid="8262053146110488" type="brushselect">
                    <param id="0" name="Visibility">1</param>
                </action>
                <action id="-15" name="Set visible" sid="9685741774900828" type="crayonselect">
                    <param id="0" name="Visibility">1</param>
                </action>
                <action id="-15" name="Set visible" sid="1862491345939527" type="brushsize">
                    <param id="0" name="Visibility">1</param>
                </action>
                <action id="-15" name="Set visible" sid="5778713670267542" type="bg">
                    <param id="0" name="Visibility">1</param>
                </action>
                <action id="13" name="Invoke download" sid="9039529393265305" type="Browser">
                    <param id="0" name="URL">CanvasSnapshot</param>
                    <param id="1" name="Filename">&quot;snapshot&quot;</param>
                </action>
            </actions>
        </event-block>
        <comment>Go back to select a different image</comment>
        <event-block sid="5001013234824676">
            <conditions>
                <condition id="3" name="On touched object" sid="6128648035395675" type="Touch">
                    <param id="0" name="Object">back</param>
                </condition>
            </conditions>
            <actions>
                <action id="-2" name="Go to layout" sid="732016456048256" type="System">
                    <param id="0" name="Layout">select</param>
                </action>
            </actions>
        </event-block>
    </events>
</c2eventsheet>
